id,name,birthday
1,Connie Allen,18/06/1970
2,Chelsea Flynn,28/01/1978
3,Latasha Perry,26/01/1970
4,Brian Norton,60/12/2004
5,April Bruce,18/09/1970
6,Joseph Gonzalez,01/11/1968
7,Joan Rivera,11/01/1977
8,Amanda Munoz,23/03/1962
9,Marvin Long,20/20/1962
10,Timothy Brown,25/11/1971
11,Robert Simmons,16/02/1937
12,Marissa Flores,03/03/1990
13,Joseph Chase,05/04/2006
14,Mr. Richard Peterson MD,27/10/1998
15,Thomas Roberts,23/01/1937
16,Rose Ellison,24/12/1935
17,Harold Valdez,02/04/1989
18,Harry Murphy,26/04/1961
19,Kristin Livingston,02/07/1972
20,Amber Marquez,10/01/1959
21,Jennifer Kline,14/12/1928
22,Mark Brooks,30/04/1992
23,Christopher Macdonald,04/12/1969
24,Michael Hines,28/07/1962
25,Terri Hernandez,25/04/1932
26,Jessica Mcclure,18/02/2005
27,Kim Dean,01/12/1989
28,Michelle King DDS,24/11/2003
29,Kenneth Richardson,19/12/1957
30,Amanda Boyle,18/03/1995
31,Zachary Lutz,07/08/1970
32,Thomas Peterson,02/04/1952
33,Matthew Phillips,27/03/1954
34,Bridget Taylor,02/08/1937
35,Brittany Schmidt,23/02/1993
36,James Mason,25/10/1972
37,James Blevins,17/04/1953
38,Ryan Harvey,01/04/1964
39,Angela Smith,29/12/1928
40,Joe Stewart,02/09/1932
41,Bryan Moore,18/10/1948
42,Lee Davenport,26/07/1968
43,Cynthia Brown MD,14/03/1960
44,Stephen Lopez,28/12/2000
45,Mario Butler,24/05/1933
46,Jennifer Austin,21/10/1974
47,Randy Boyd,17/03/1989
48,Jennifer Velez,13/01/1993
49,Cynthia Johnson,17/12/1989
50,Bonnie Miller DDS,24/10/1997
51,Michael Wade,21/10/1960
52,Mark Lowe,27/03/1973
53,Edward Beck,06/06/1940
54,Nicholas Smith,02/04/1969
55,Derrick Mcclure,16/10/1936
56,Anthony Gamble,09/01/1992
57,James Miles,29/07/1924
58,Dr. Timothy Pittman,07/03/1953
59,George Welch,06/05/1985
60,Holly Lane,25/04/1938
61,Michael Davis,13/04/1941
62,Donna Miller,28/05/1965
63,John Underwood,18/03/2005
64,Jessica Smith,26/06/1994
65,Kayla Garcia,08/04/1936
66,Judith Rivas,06/10/1982
67,Kimberly Walker,08/07/1985
68,Jeffrey Smith,01/02/1973
69,Gerald Ramirez,28/01/1939
70,Roberto Horton,24/03/1932
71,Christopher White,27/12/1934
72,Robert Hansen,14/04/1960
73,Sarah Watkins,17/11/1992
74,Stacy Salazar,12/02/1962
75,Kyle Hoover,09/08/1930
76,Juan Baker,11/10/1985
77,Joy West,12/05/2000
78,Richard Gould,02/09/1934
79,Sharon Gregory,19/04/1939
80,Nicholas Norman,28/12/1932
81,Samuel Martin,12/09/1960
82,Erin Schultz,07/02/1997
83,Samuel Vazquez,07/07/1962
84,Bruce Barnes,30/05/1976
85,John Thornton,07/05/2006
86,Christine Ho,16/07/1959
87,Ashley Watkins,29/08/1955
88,Jesus Thomas,15/07/1957
89,Tyler Hardy,04/08/1935
90,Christina Williams,12/07/1945
91,Marcus Berry,07/08/1946
92,Beth Smith,30/07/1942
93,Nicholas Morrison,19/01/1931
94,Tammy Cunningham,20/08/1940
95,David Allen,05/10/1972
96,Tammy George,31/08/1984
97,Peter Ramos,18/09/1973
98,Jessica Brooks,06/11/1994
99,Jay Hahn,16/03/2000
100,Michael Harding,01/05/1981
